text,label
"In conversation with the Legendary actor, playwright, and activist Ntate John Kani. Kani joins Dr. Mbuyiseni Ndlozi for a powerful conversation on theatre, Hollywood, African storytelling, and the politics shaping the modern world.",arts
"The Government of Zimbabwe formulated the National Human Settlements Policy to address urbanisation and housing challenges in the country Among the provisions of the policy are the call to densify cities as an approach towards sustainable urban development and better housing provision. As the policy is implemented it calls to question how town planning professionals will operationalise the densification provisions of the policy. This week, Archimedes Muzenda speaks with Amos Muganda and Maryjane Chikukwa both Regional and Town Planners and members of the African Planning Society to hear more on how the densification provisions of the policy can be operationalised.",economy
"The UK's Keir Starmer has resigned as Prime Minister and Labour leader after weeks of mounting pressure over political missteps, a slowing economy and falling support for the governing party. We examine what his departure could mean for UK-Africa relations and the estimated three million Africans living in Britain. And, nearly 118 million people worldwide are forcibly displaced, and refugees in parts of Africa spend an average of 16 years in exile. We explore what's behind these prolonged displacements and hear one former refugee's remarkable journey.",politics
"This is John Drabinski and you’re listening to The Black Studies podcast, a series of conversations examining the history of the field. Our conversations engage with a wide range of activists and scholars - senior figures in the field, graduate students, and everyone in between, culture workers, and political organizers - in order to explore the cultural and political meaning of Black Studies as an area of inquiry and its critical methods. Today’s conversation is with Jarvis Givens, who teaches in the Departments of African and African American Studies and School of Education at Harvard University. Along with a number of essays in popular and academic venues, he is co-editor of 'We Dare Say Love': Supporting Achievement in the Educational Life of Black Boys (2018) and author of Fugitive Pedagogy: Carter G. Woodson and the Art of Black Teaching (2021), School Clothes: A Collective Memoir of Black Student Witness (2023), American Grammar: Race, Education, and the Building of a Nation (2025), and I'll Make Me a World: The 100-Year Journey of Black History Month (2026). In this conversation, we discuss the place of education and education writing in African American history, the culture and politics of Black study, and the imperative for Black Studies to impact community educational spaces.",arts
"In conversation with Saida Ali, we explore the role of women in shaping Africa's future and the importance of leadership, community, and collective action across the continent. We also discuss the challenges and opportunities facing African societies today, what authentic leadership looks like, and why empowering communities remains essential for long-term progress.",politics
"The information space is the new geopolitical frontier, and Africa stands at its centre. This episode explores why the continent must claim digital sovereignty—separating genuine civic expression from external manipulation, as the goal is not to silence voices, but to ensure they remain authentically African.",politics
"In this episode, we discuss the importance of shifting from consuming to creating. And If you’re not ready to create or worry that you don’t have anything valuable, listen till the end for a tip!",economy
Urban sprawl and social instability leads Kilwa to develop a sister city on a nearby peninsula. Songo Mnara grows rapidly to become a major urban center on the Eastern Coast of Africa.,history
"We've talked about the Berlin Conference before, but this episode zooms in on the actual mechanics of how Africa's borders were drawn on paper in European capitals, often with little to no knowledge of the terrain, cultures, or pre-existing polities. Lucas and Luna explore the role of cartographers, diplomats, and explorers like Henry Morton Stanley and Pierre Savorgnan de Brazza in providing the sketchy maps that delegates used. They discuss the principle of 'effective occupation' that the conference established, and how it was routinely violated. They also look at the specific case of the Congo Basin, where Leopold II's claims were recognized despite his not even being there. The episode touches on the long-term consequences of these arbitrary lines, including modern conflicts over resources and ethnic groups split between countries. A specific focus is on the Katanga region, where mineral wealth was discovered and borders were redrawn in the 1890s to benefit colonial companies.",history
"We've talked about the Berlin Conference before, but this episode zooms in on the actual mechanics of how Africa's borders were drawn on paper in European capitals, often with little to no knowledge of the terrain, cultures, or pre-existing polities. Lucas and Luna explore the role of cartographers, diplomats, and explorers like Henry Morton Stanley and Pierre Savorgnan de Brazza in providing the sketchy maps that delegates used. They discuss the principle of 'effective occupation' that the conference established, and how it was routinely violated. They also look at the specific case of the Congo Basin, where Leopold II's claims were recognized despite his not even being there. The episode touches on the long-term consequences of these arbitrary lines, including modern conflicts over resources and ethnic groups split between countries. A specific focus is on the Katanga region, where mineral wealth was discovered and borders were redrawn in the 1890s to benefit colonial companies.",history
"The rise and fall of Joseph Désiré Mobutu, the long-ruling dictator of the Democratic Republic of the Congo. It traces his journey from a rebellious student and journalist to a military officer who seized power following the chaotic independence from Belgium and the assassination of Patrice Lumumba. Under his rebranded identity, Mobutu Sese Seko, he established a totalitarian regime defined by a personality cult, the systematic looting of national resources, and a state ideology known as Mobutuism. He maintained authority through Western Cold War support, brutal suppression of dissent, and a vast system of political patronage, before his downfall as the end of the Cold War and the Rwandan genocide destabilised his rule, leading to his exile in 1997.",history
"An examination of the comprehensive support independent African nations and regional organisations provided to dismantle the apartheid regime in South Africa. Key players like Liberia, Nigeria, and Tanzania offered vital diplomatic backing, financial grants, and military training bases that sustained liberation movements such as the ANC. The episode highlights critical milestones, including the legal challenges at the International Court of Justice and the decisive Battle of Cuito Cuanavale, which shattered the myth of white military supremacy. While the Organisation of African Unity unified the continent's opposition, individual 'Frontline States' endured severe economic and physical retaliation for their resistance. It contrasts this historic Pan-African solidarity with the modern challenges of xenophobic violence currently facing migrants within South Africa.",history
"The life and immense cultural impact of Ben Enwonwu, a pioneering Nigerian artist who rose to global prominence during the mid-20th century. Against a backdrop of post-war migration and rising African independence movements, Enwonwu emerged as a leading figure of the Négritude philosophy, using his art to assert the beauty and dignity of Black identity. He navigated the complex intersection of traditional African forms and Western techniques, famously becoming the first African to create an official royal portrait of Queen Elizabeth II. Beyond his creative output, Enwonwu was a vocal intellectual who addressed the emotional trauma of stolen cultural artifacts and the challenges faced by modern African creators. His legacy is defined by his role in national reconciliation through masterpieces like Tutu and his enduring influence on the global art market.",arts
"An exploration of the systemic rise of xenophobia in South Africa, illustrating a shift from sporadic violence to institutionalised exclusion. It details how economic stagnation and populist political rhetoric have transformed foreign nationals into scapegoats for state failures, leading to the emergence of organised vigilante groups like Operation Dudula. The episode highlights the dire consequences of this sentiment, including medical xenophobia where migrants are denied healthcare, and radical legislative changes that restrict asylum rights. It also examines how digital platforms amplify anti-migrant hate speech and facilitate coordinated harassment, framing the crisis as a fundamental threat to social cohesion and South Africa's post-apartheid democratic ideals.",politics
"In this episode we speak to Jeremy Awori, Group CEO of Ecobank, ahead of the bank's 38th General Assembly meeting. We cover the themes shaping Ecobank and African banking today, their three-year growth roadmap, renewed goals, culture in times of change, technology as a leapfrog engine, and the role of development finance institutions in unlocking Africa's growth potential.",economy
"We speak to Daniel Yu, founder and CEO of Wasoko, a supply chain and distribution company established in 2015 to respond to the challenges faced by small and micro-businesses across Africa in managing stock levels. Having raised $125 million in Series B funding, Wasoko is valued at $625 million and aims to eliminate the inefficiencies plaguing Africa's enormous, dynamic 'informal' retail economy. Its network spans 75,000 businesses across six African countries, with the plan to become the 'operating system' for commerce across urban Africa. The conversation covers the possibilities of the technology sector for the continent, the deficits in regulatory and operational frameworks structuring the innovation environment, and the ambition to turn Zanzibar into an innovation hub.",economy
"Niger has set strict conditions for reopening its border with Benin, closed since the July 2023 military takeover. Among them are a new defence agreement, greater transparency over foreign military activities near the border, and the creation of a joint intelligence unit. The conditions were outlined during talks in Cotonou between a Niger delegation led by Maj Gen Mohamed Toumba, a member of the ruling military junta, and Beninese officials. Also, in The Gambia, the country is grappling with rising temperatures, coastal erosion, erratic rainfall, and growing pressure on communities that depend on agriculture and fisheries, all due to climate change.",politics
"Urban Action Lab founder Shuaib Lwasa talks to ACRC's co-research director Seth Schindler about 'unlearning' mainstream urban planning, ways to scale up micro-level innovations to drive transformation in African cities, and how coproducing knowledge goes beyond just empowering research participants. Shuaib Lwasa is professor of urban sustainability at Makerere University in Uganda and leads the African Cities Research Consortium's capacity strengthening work.",economy
"Host Adesoji Iginla and guest Milton Allimadi, a journalist and African affairs expert, unpack the week's most pressing African stories. The conversation explores the evolving political landscape in Africa, focusing on the empowerment of youth voters who are challenging long-standing political parties. It discusses the implications of U.S. foreign policy on African nations, the rising issue of disinformation in West Africa, and the Western media's portrayal of the continent. The speakers emphasise the need for historical awareness among the youth, African agency in addressing conflicts, and the importance of African leadership taking charge of narratives and solutions rather than relying on external influences.",politics
"In conversation with Ntate Sipho 'Hotstix' Mabuse on music, liberation and the African Renaissance. Sipho Mabuse, known professionally as 'Hotstix', is a South African singer-songwriter who grew up in Soweto. He got his start in the Afro-soul group the Beaters in the mid-1970s; after a successful tour of Zimbabwe they changed the group's name to Harari, an Afro-soul band led by Mabuse.",arts
"This episode refutes the myth that Africa required Western intervention to achieve modernity, democracy, and scientific progress. By highlighting the sophisticated checks and balances found in the governments of the Asante, Xhosa, and Benin kingdoms, it demonstrates that African political systems were often as accountable and enlightened as European models.",history
"Russia's security presence in Africa may be entering a new chapter, with the Central African Republic at the heart of the story. Reports suggest Moscow is looking to replace the private military operatives of the Wagner Group with Africa Corps, a force overseen by Russia's Defence Ministry. But the handover appears far from straightforward, raising questions about Russia's influence across the continent, the future of its security partnerships, and what it all means for the Central African Republic. Also, in China, an online trend involving dark-skinned dolls known as Natasha Dolls fuels discussion about racism and discrimination.",politics
"Two thirds of people living in Lagos reside in informal settlements, often in flood-prone areas and with limited access to basic services. As more people move into the city, the already high population density is rising, with more than 8,000 people per square kilometre in some parts. Research highlights a lack of attention on improving the climate resilience of Lagos, major issues with the rental sector, inadequate provision for gendered housing access, and challenges around high construction costs. In this conversation, Ismail Ibraheem is joined by Deji Akinpelu, Lookman Oshodi and Basirat Oyalowo to discuss the need for a social approach to housing provision, why transformation must be inclusive of vulnerable populations, and how cooperative societies can provide accessible housing financing for disadvantaged groups.",economy
"In this episode we speak to Dr Sherif Ayoub, Head of the African Carbon Markets Initiative, about his work scaling up the market for carbon credits in Africa to create jobs and prosperity. We also hear from project developers KOKO Networks about how these projects actually take place on the ground in Africa.",economy
"Host Marion is joined by Mireille Kayijamahe, founder of Terra Mucho, a podcast and platform uplifting African women's leadership across the Congo Basin through storytelling, mentoring and well-being. Mireille works in one of the most biodiverse regions on Earth, a place too often reduced to extremes in the news. Parts of this region, including her place of heritage, the Democratic Republic of Congo, are shaped by decades of conflict and hardship alongside everyday acts of care, love and resilience. This is a conversation beyond the news headlines: the voices, leadership, tenderness, and everyday peace-making that rarely make it into global narratives.",politics
"The provided text examines the geopolitical and economic struggles of Liberia during the early twentieth century, focusing on the tension between sovereignty and foreign exploitation. It highlights how the Firestone rubber concessioncreated a predatory debt system that undermined the nation's independence while exposing systemic forced labor issues. Central to this narrative is the intellectual activism of Nnamdi Azikiwe, who utilized legal scholarship and the Black press to defend the republic against Western imperial designs. These sources further trace how Azikiwe’s experiences with the Liberian crisis shaped his later role in Nigerian decolonization and his vision for global racial equality. Finally, the material connects these historical events to modern-day corporate accountability and the ongoing challenges of managing multinational capital in Africa.",history
"The Dangote Petroleum Refinery in Nigeria represents a massive shift in the global energy sector, transitioning the region from a fuel importer to a strategic international supplier. As the world’s largest single-train facility, it features advanced technical architecture that allows it to produce high-value fuels, effectively displacing traditional European exports and stabilizing the Atlantic Basin market. Despite its success in bolstering Nigeria's macroeconomic resilience and reducing foreign exchange pressure, the project faces ongoing hurdles regarding consistent domestic crude supply and initial mechanical normalization. The refinery has also revitalized maritime logistics at Lekki Port, turning the Gulf of Guinea into a primary hub for global shipping routes. Future expansions aim to double its capacity and increase petrochemical production, cementing Africa’s role as a self-sufficient powerhouse in the downstream oil industry. This industrial transformation serves as a critical geopolitical stabilizer, especially during energy crises that disrupt traditional Middle Eastern supply chains.",history
"Between 2024 and 2026, the relationship between China and Africa evolved from a transactional bond into a sophisticated strategic alignment focused on high-quality development and shared modernization. This partnership has shifted away from massive infrastructure lending toward ""Small yet Beautiful"" projects, emphasizing digital connectivity, agricultural value addition, and the use of the yuan to ensure debt sustainability. While China maintains dominance through maritime logistics, critical mineral refining, and telecommunications infrastructure, this expansion has also introduced new security collaborations and military coordination. Despite record-breaking trade figures and zero-tariff policies, challenges remain regarding labor rights, environmental degradation, and the widening trade imbalance. Ultimately, the sources describe a geopolitical shift that integrates African economies into a China-centric order while pressuring Western powers to offer competitive investment alternatives.",history
"In this episode, we explore the role of horns in spiritual practice across kingdoms like Buganda, Bunyoro, and Busoga. Often filled, sealed, and carried, these horns were believed to contain forces that could protect individuals from harm but also act against others. Moving beyond simple explanations, this episode looks at how these practices reflect a broader worldview: one in which illness, misfortune, and even truth itself were tied to unseen forces that could be influenced, controlled, or resisted. Sources Bamunoba, Yoramu K.. The Cult of Spirits in Ankole. N.p.: Amazon Digital Services LLC - KDP Print US, 2019. Beattie, J. H. M. (John). ""Divination in Bunyoro, Uganda."" Sociologus 14, no. 1 (1964): 44–61. Bjerke, Svein. Religion and Misfortune: The Bacwezi Complex and the Other Spirit Cults of the Zinza of Northwestern Tanzania. Norway: Columbia University Press, 1981. Culture Research Centre. Ritual Gestures in Busoga. Jinja, Uganda: Culture Research Centre, 2001. Kodesh, Neil. Beyond the Royal Gaze: Clanship and Public Healing in Buganda. United Kingdom: University of Virginia Press, 2010. Kyewalanga, Francis. Traditional Religion, Custom & Christianity in Uganda. Okot P’Bitek, “Religion of the Central Luo” Kenya Literature Bureau University of Minnesota, 1978 Schoenbrun, David L.. The Names of the Python: Belonging in East Africa, 900 to 1930. United States: University of Wisconsin Press, 2021.",history
"In this pilot episode, we journey to the towering stone ruins of Great Zimbabwe, a medieval African kingdom that dominated trade routes between the interior and the Indian Ocean coast. Lucas and Luna explore the city's massive, mortarless stone walls—the largest ancient structures in sub-Saharan Africa—and the iconic soapstone birds that became a national symbol. Who built this city? When did it flourish, and why was it abandoned? We dive into the competing theories, the deliberate colonial erasure of its African origins, and how Great Zimbabwe forces us to rethink the narrative of African civilization. From gold and ivory trade with Swahili city-ports to the mysterious decline in the 15th century, this episode lays the groundwork for a series that will challenge what you thought you knew about Africa's precolonial past. No romanticization, just the evidence—and the questions that remain. #GreatZimbabwe #AfricanHistory #MedievalAfrica #Zimbabwe #Shona #StoneArchitecture #Munhumutapa #IndianOceanTrade #GoldTrade #SwahiliCoast #SoapstoneBirds #AfricanCivilization #ColonialErasure #LostCities #Archaeology #SouthernAfrica #History #FexingoHistory #ShonaCivilization #KingdomOfZimbabwe Keep every episode free: buymeacoffee.com/fexingo",history
"In this episode of Fexingo History, Lucas and Luna explore the mysterious soapstone birds of Great Zimbabwe, focusing on the reign of Mambo Tariro around 1302. The conversation delves into the discovery of a bird workshop in the Valley Complex, revealing how these iconic carvings were produced, their spiritual significance tied to the svikiro spirit mediums, and their role in legitimizing royal authority. The hosts discuss the symbolic connection between the birds and the Mwari cult, the technical skill of the vaShona carvers, and the trade networks that brought soapstone from nearby quarries. They also examine the debate among historians: were the birds totems, messengers to ancestors, or symbols of the king's divine power? The episode touches on the broader context of Great Zimbabwe's prosperity and the eventual dispersal of the birds during the city's decline in the 1400s. Listeners gain insight into how these unique artifacts reflect the complex blend of politics, religion, and artistry that defined this ancient kingdom. #GreatZimbabwe #SoapstoneBirds #MamboTariro #Svikiro #Mwari #vaShona #GreatEnclosure #HillComplex #ValleyComplex #ZimbabweBird #Dzimbabwe #SouthernAfricaHistory #AfricanKingdoms #SpiritMediums #ZimbabweArchaeology #AncientArt #FexingoHistory #History Keep every episode free: buymeacoffee.com/fexingo",history
"In Episode 100, Lucas and Luna return to the reign of Mambo Nemakonde, but from a fresh angle: the elaborate system of legal trials and oath-taking that held Great Zimbabwe together. While earlier episodes touched on the poison ordeal of succession, this episode dives into a specific case from 1297, when a prominent dzimbabwe headman named Chisunga was accused of witchcraft and forced to undergo the mupfura poison test. Lucas explains how the nganga administered the ordeal, the role of the svikiro spirit medium in interpreting the results, and the political fallout when Chisunga survived — which was taken as proof of his innocence but also as a sign that Nemakonde's authority was slipping. The conversation also covers the broader legal culture of the vaShona: how oaths were sworn on sacred objects like the Zimbabwe bird soapstone carvings, how trade disputes with Sofala and Kilwa were adjudicated, and how the mambo's court functioned as both a judicial and spiritual center. Luna asks sharp questions about the reliability of ordeal justice and how it compared to other African legal traditions. The episode ends with a reflection on what the ruins of the Great Enclosure tell us about the spatial organization of justice — where the mambo sat, where the nganga performed rituals, and where the accused waited. #GreatZimbabwe #MamboNemakonde #PoisonOrdeal #Mupfura #Nganga #Svikiro #VaShona #ZimbabweBird #GreatEnclosure #HillComplex #Sofala #Kilwa #AfricanHistory #MedievalAfrica #LegalHistory #WitchcraftTrials #History #FexingoHistory Keep every episode free: buymeacoffee.com/fexingo",history
"In this episode, we examine the gradual decline of Ancient Egypt, from internal instability and economic challenges to repeated foreign invasions and shifting regional power. Using historical and archaeological evidence, we explore how one of the world’s longest-lasting civilizations slowly came to an end.",history
"Ethiopia is home to one of the oldest continuous civilizations on Earth. For thousands of years, powerful kingdoms, ancient traditions, and remarkable cultures flourished among its mountains, valleys, and highlands. From the legendary Kingdom of Aksum to medieval emperors and centuries of independence, Ethiopia developed a unique history unlike any other nation in Africa. Its story is filled with ancient churches, royal dynasties, trade routes, and enduring traditions that survived the rise and fall of empires. A calm journey through ancient kingdoms, stone monuments, sacred traditions, and the long history of one of the world's oldest nations. Boring History For Sleep — Soft stories about difficult lives.",history
"Ancient Egypt was shaped not only by its pharaohs, but by powerful queens whose influence extended far beyond the throne. Hidden treasures, royal courts, and shifting alliances reveal a world of power, strategy, and legacy.At the center stands Cleopatra, alongside other queens who navigated politics, identity, and survival in a changing world. Behind the legends lie real decisions, fragile authority, and the quiet forces that shaped history.A calm journey through lost treasures, royal lives, and the enduring legacy of Egypt’s queens. Boring history for sleep – Soft stories about difficult lives.",history
"**Unlock the entire Ancient Egypt series early and ad-free by joining the Empire Club at empirepoduk.com** His death mask is one of the most famous faces in Ancient Egyptian history, but who was the real Tutunkhamun? What do the items found in his tomb tell us about his life? And what myths have been spread about him? Anita and William are joined by Dr Campbell Price, author of Golden Mummies of Egypt, and Curator of Ancient Egypt and Sudan at Manchester Museum, to discuss the life of King Tut. Sign up and get 10% off at BetterHelp.com/EMPIRE Join the Empire Club: Unlock the full Empire experience – with bonus episodes, ad-free listening, early access to miniseries and live show tickets, exclusive book discounts, a members-only newsletter, and access to our private Discord chatroom. Sign up directly at empirepoduk.com. For more Goalhanger Podcasts, head to",history
"**Unlock the entire Ancient Egypt series early and ad-free by joining the Empire Club at empirepoduk.com** Her image has been reproduced by countless artists in recent years, but who was the real Nefertiti? How did she become a pharaoh in her own right? And why is there still controversy over her statue? Anita and William are joined once again by Aidan Dodson, author of Nefertiti, Queen and Pharaoh of Egypt: Her Life and Afterlife, to discuss the iconic queen. Try Attio for free at attio.com/empire Join the Empire Club: Unlock the full Empire experience – with bonus episodes, ad-free listening, early access to miniseries and live show tickets, exclusive book discounts, a members-only newsletter, and access to our private Discord chatroom. Sign up directly at empirepoduk.com. For more Goalhanger Podcasts, head to",history
"**Unlock the entire Ancient Egypt series early and ad-free by joining the Empire Club at ⁠empirepoduk.com⁠** Why did Egyptian priests wear animal masks? Who was the goddess of hangovers? And how did the Pharaoh, Akhenaten, destroy the many Egyptian gods to worship the sun disc, the Aten? William and Anita are joined by Professor Lloyd Lewellyn-Jones to discuss Akhenaten’s extraordinary religious revolution and whether he was a pioneer or a tyrant. Join the Empire Club: Unlock the full Empire experience – with bonus episodes, ad-free listening, early access to miniseries and live show tickets, exclusive book discounts, a members-only newsletter, and access to our private Discord chatroom. Sign up directly at ⁠empirepoduk.com⁠. For more Goalhanger Podcasts, head to ⁠",history
"After Barbary: Algeria's Roles in the French and American Empires (Cornell University Press, 2025) by Dr. Timothy Mason Roberts explores the connection between the United States and North Africa between the Barbary Wars of the early nineteenth century and the era of European decolonization after World War II. Dr. Roberts offers a new approach to the study of empires, highlighting the significance of Algeria in French-American relations from France's first occupation of the country through the first years of independence of the Republic of Algeria. As Dr. Roberts demonstrates, imperial authorities in Washington, DC; Paris; and Algiers rarely collaborated intentionally in institutional partnerships or alliances. Rather, American, French, and Algerian politicians, soldiers, writers, and revolutionaries—often acting at cross purposes and across political and cultural boundaries—sought power by imagining and constructing Algeria as a fissured, dynamic, transimperial space. Focusing on issues of settler colonialism, irregular warfare, racialized citizenship, territorial incorporation, and pan-African identity, After Barbary shows how French Algeria helped make the American and French empires. This interview was conducted by Dr. Miranda Melcher whose book focuses on post-conflict military integration, understanding treaty negotiation and implementation in civil war contexts, with qualitative analysis of the Angolan and Mozambican civil wars. You can find Miranda’s interviews on New Books with Miranda Melcher, wherever you get your podcasts.",history
"Mesrob Vartavarian has written a wonderful book. Privileged Minorities: A History of Wealth Concentration on South Africa (Ohio UP, 2026) argues that the rise of privileged minorities – small, exclusive groups that dominate political and economic life – parallels the development of successful anticolonial movements. Vartavarian traces how distinct sociocultural groups in South Africa navigated and negotiated these advantages from the Dutch colonial era through the rise and decline of the ruling African National Congress (ANC). He then demonstrates why ANC elites have not dismantled minority privilege, and how challenges from marginalised groups have served to reshape entrenched advantages by incorporating new actors into existing structures. These dynamics have produced composite systems of accumulation that have deepened socio-economic inequality. Privileged Minorities offers a compelling framework for understanding how structural advantage persists and evolves, even in the wake of promised liberation from political and economic elites. Mesrob Vartavarian recommends two books for further learning at the end of our interview. They are: Anthony Butler (2025). Presidential Power, Jacana Media; and Jeffrey A. Winters (2012). Oligarchy, Cambridge University Press.",history
"The conversation covers the historical emergence of Algeria as a political and territorial unit, starting in the Ottoman period in the 16th century. Key pivotal moments in Algerian history are highlighted, including French colonialism beginning in 1830, which led to a settler colonial project, the rise of the modern mass nationalist movement in the interwar period, the War of National Liberation (1954–1962), and the decade of violence in the 1990s. The latter half of the conversation focuses on the ""Worlds of Islam,"" emphasizing a polycentric history with no single center. A historian, professor at the University of Oxford, and author of books ""A History of Algeria"" and ""The Worlds of Islam: A Global History"", James McDougall details the diverse ""technologies"" of Islam's spread, including its compelling initial mission, the appeal of social mobility for non-Arabs, trade networks, and the influence of Sufism. He also discusses the historical roots of Islamophobia, which is traced to the 19th-century colonial moment. He discusses why he was drawn to studying Algeria, a country he notes is often ignored in Middle East studies and is known as ""the land of a million martyrs"" for its iconic history of resistance to colonialism. 0:00 Introduction 2:08 Intellectual Curiosity and Addressing Poor Understanding of the Region 7:37 When Did Algeria Begin to Exist? Debunking the Colonial Narrative 12:38 Pivotal Moments in Algerian History 13:48 The Ottoman Period (16th–19th Century) and Connection to the Levant 16:29 Settler Colonialism Under the French (1830 Onwards) 19:46 The War of National Liberation (1954–1962) 20:41 The Violence of the 1990s 21:35 Is the War of Independence Connected to the 1990s Civil Strife? 23:34 The Legacy of French Colonial Misunderstanding and Racism 31:27 Algeria as an Anti-Colonial Symbol Across the Arab World 32:18 Leadership of the Algerian Revolution 38:37 The Worlds of Islam: A Polycentric Global History 46:05 Technologies of Islam's Spread 49:18 Muslims as a Minority in the Middle East After the Early Conquests 53:15 Why Islam Did Not Spread Everywhere Earlier 55:20 The Historical Development of Islamophobia Readings on Global history and Islamic history: Josephine Quinn, How the World Made the West: A 4000 Year History (2024) Cemil Aydin, The Idea of the Muslim World: A Global Intellectual History (2017) Readings on Algeria: Natalya Vince, The Algerian War, the Algerian Revolution (2020) Malika Rahal, Algérie 1962, une histoire populaire (2022) Jeffrey James Byrne, Mecca of Revolution: Algeria, Decolonization, and the Third World Order (2016) Thomas Serres, The Suspended Disaster: Governing by Crisis in Bouteflika’s Algeria (2023) Muriam Haleh Davis, Markets of Civilization: Islam and Racial Capitalism in Algeria (2022) Christopher Silver, Recording History: Jews, Muslims and Music across 20th century North Africa (2022) Sara Rahnema, The Future is Feminist: Women and Social Change in Interwar Algeria (2023) Arthur Asseraf, Electric News in Colonial Algeria (2019) James Robert McDougall is a British historian and Professor of Modern and Contemporary History at the University of Oxford and Laithwaite Fellow in History at Trinity College, Oxford. His research mainly addresses the modern and contemporary Mediterranean; Middle Eastern, African and Islamic history, especially Algeria, Tunisia, and Morocco, but also the history of European imperialism in the Arab world, modern Arab intellectual and political history, and the global history of Islam since c.1700; the French colonial empire in Africa; the Sahara; nationalism and revolutionary movements in Asia and Africa; comparative imperial history; historiography and critical theory. Hosted by: Mikey Muhanna 👉",history
"Melvyn Bragg and guests discuss the notorious events off Jamaica in 1781 and their background. The British slave ship Zong, having sailed across the Atlantic towards Jamaica, threw 132 enslaved Africans from its human cargo into the sea to drown. Even for a slave ship, the Zong was overcrowded; those murdered were worth more to the ship dead than alive. The crew said there was not enough drinking water to go round and they had no choice, which meant they could claim for the deaths on insurance. The main reason we know of this atrocity now is that the owners took their claim to court in London, and the insurers were at first told to pay up as if the dead slaves were any other lost goods, not people. Abolitionists in Britain were scandalised: if courts treated mass murder in the slave trade as just another business transaction and not a moral wrong, the souls of the nation would be damned. But nobody was ever prosecuted. The image above is of sailors throwing slaves overboard, from Torrey's 'American Slave Trade', 1822 With Vincent Brown Charles Warren Professor of American History and Professor of African and African American Studies at Harvard University Bronwen Everill Class of 1973 Lecturer in History and Fellow at Gonville & Caius College, University of Cambridge And Jake Subryan Richards Assistant Professor of History at the London School of Economics Studio production: Hannah Sander",history
"Would the Roman general Publius Cornelius Scipio successfully march on Africa? What happened when Hannibal and Scipio - the greatest commanders of their age - came head to head at the Battle of Zama, in the ultimate showdown? And, what would be the fate of these two titans of the ancient world? Join Tom and Dominic, as they discuss the Roman Republic’s audacious invasion of North Africa under the leadership of the dashing Scipio, and his clash with Hannibal. _______ To hear our previous series on the rise of Carthage, Hannibal, and the battle of Cannae, go to episodes: 421, 422, 423, 424, 568, 569, 570, 571. _______ Join The Rest Is History Club: Unlock the full experience of the show – with exclusive bonus episodes, ad-free listening, early access to every series and live show tickets, a members-only newsletter, discounted books from the show, and access to our private Discord chatroom. Sign up directly at ⁠the⁠restishistory.com⁠⁠ For more Goalhanger Podcasts, head to ⁠",history
"Tonight's sleepy episode takes us back to Ancient Egypt, with a compilation of stories that shed light on various aspects of this wonderful civilization. Stories include the biography of Queen Hatshepsut, the story of the discovery of the tomb of Tutankhamun, the story of Akhenaten (the ""heretic pharaoh"") and his new capital, Amarna, an overview of the different periods of Egyptian history, and finally the story of the Great Pyramid of Giza. #sleep #bedtimestory #asmr #sleepstory #history #egypt Welcome to Lights Out Library Join me for a sleepy adventure tonight. Sit back, relax, and fall asleep to documentary-style bedtime stories read in a calming ASMR voice. Learn something new while you enjoy a restful night of sleep. Listen ad free and get access to bonus content on our Patreon: ⁠⁠⁠⁠⁠⁠⁠⁠⁠⁠⁠⁠⁠⁠⁠⁠⁠⁠⁠⁠⁠⁠⁠⁠⁠",history
"With this episode of Guerrilla History, we launch into Pan-Africanism as a great additional starting point to our series on African Revolutions and Decolonization. We bring on two marvelous guests, Prof. Layla Brown and Jacquie Luqman, to discuss the history, theoretical currents, and modern expressions of Pan-Africanism. This is a 2+ hour masterclass, you certainly won't want to miss a moment of it! Also subscribe to our Substack (free!) to keep up to date with what we are doing: guerrillahistory.substack.com Layla Brown is an Assistant Professor of Cultural Anthropology & Africana Studies and affiliate faculty in Women's, Gender, and Sexuality Studies. Brown's research focuses on Pan-African, Socialist, and Feminist social movements in Venezuela, the US, and the broader African Diaspora. She is a member of the All-African People's Revolutionary Party (GC), and can be found on twitter @PanAfrikFem_PhD. She also cohosts the Life. Study. Revolution podcast alongside Charisse Burden-Stelly. Jacquie Luqman is a radical activist, journalist, and is a coordinator with Black Alliance for Peace. You can follow some (but not all!) of her writings at Black Agenda Report, and watch her show Luqman Nation on Black Liberation Media. She is on twitter @luqmannation1. Help support the show by signing up to our patreon, where you also will get bonus content:",history
"This week we have a special two-part interview with renowned artist and educator David MacDonald. His large functional vessels are carved with intricate patterns that highlight and celebrate African heritage. For part two of my interview with David we talk about finding an entry into African aesthetics, the formal aspects of his repeating patterns, and how the use of functional objects in daily rituals can imbue them with spirituality. MacDonald is a Professor Emeritus of Ceramics at Syracuse University where he taught from 1971 to 2008.",arts
"Samira Ahmed talks to Daft Punk's Thomas Bangalter about their new album Mirage Ekow Eshun, writer and broadcaster, and Polly Savage, Lecturer in the Art History of Africa at SOAS, University of London, discuss an exhibition of Pan African art at the Barbican, Project a Black Planet Front Row introduces its AHRC/BBC New Generation Thinker for 2026, Genevieve Robyn Arkle, who is a Lecturer in Music History at King's College London And Opera director David Pountney on John Tavener's last opera Krishna, performed as a world premiere at Grange Park Opera",arts
"Holly is joined in the studio by Carol Thompson, Fred and Rita Richman Curator of African Art at the High Museum of Art. Carol shares her incredible knowledge, stories from her personal life and the importance of studying Africa's rich art tradition.",arts
"The best songs coming out of ghana with a little bit from nigeria. lol Compiled and mixed by the dangerous dj DJ LOFT. Enjoy!! TRACKLIST Bankulize by Mr. Eazi + Juls ft Pappy Skolom by VVIP Feat Sena Dagadu Final (Baba Nla) by Wizkid Skin Tight by Mr Eazi Feat. Efya Susuka - Kofi Kinaata Chance by Eugy feat Davido Kotomoshi by D-Black Feat. VVIP DeDeeDe by Kontihene feat Yaa Pono Wo Onane No by Kwamz & Flava Feat R2bees Koko by E.L. Go Higher by Stonebwoy Kakai by Shatta Wale My Woman, My Everything by Patoranking feat Wande Coal Dogo Yaro by VVIP Hol it by Shatta Wale dutty badmind by luther Enemies by jupitar Feat sarkodie Baafira (No Noise) by Rashid Metal Show Me by Shatta Wale OMG (Free Me)by P-Square Ekiiki Mi by Wisa Feat Luther & Sarkodie Baby(Chop Kiss)by Shatta Wale 10k by Lazzy Beats Feat Sarkodie Brother Brother by Bisa Kdei Reggae Blues by Harrysong Feat Kcee, Olamide, Iyanya & Orezi Bobo by Olamide Efejoku by Lil Kesh Feat Viktoh Mansa by Bisa Kdei Ye Wo Krom by Atom Feat Jhunea Telemo by Gasmilla Feat Capaster Yooko Ebreaki Me (Broken Heart) by Nii Funny Kotiso Nioso by LDNC",arts
"For today’s episode we bring you a very special conversation between filmmaker, academic and JGPACA director Imruh Bakari and Dr Boukary Sawadogo, associate Professor of Cinema Studies and Black Studies at The City College of New York. Held in association with the Global Cultures Institute at King’s College London, this event took a deep dive into Boukary’s practice and the complexities of teaching students about Pan African Culture.",arts
"In this episode of Author Chats, host Benny sits down with award-winning Nigerian writer Mustapha Enesi to discuss his debut short story collection, I Cry at the Feet of My Other Body — a powerful and deeply moving exploration of Nigerian womanhood. The collection explores the complex themes of motherhood, longing, grief, sexuality, and acceptance — unfolding against the backdrop of women navigating patriarchal standards in Nigerian society. Mustapha opens up about the creative process behind the book, what it means to write stories that are culturally rooted and authentic, and how he crafts characters that resonate with both Nigerian readers at home and the diaspora abroad. In this conversation, we explore: *What inspired the book ""I Cry at the Feet of My Other Body"" and the women at its heart. *How Mustapha blends realism and the surreal to tell stories of resilience and defiance. *How the collection gives voice to women navigating societal constraints while seeking love, acceptance, and personal liberation. *Writing for Nigerian audiences and the diaspora — and why representation in African literature matters His journey as a writer, including winning the 2021 K&L Prize for African Literature and the 2021 Awele Creative Trust Award Whether you're a lover of African literature, contemporary fiction, or stories centered on Black women's experiences, this episode is for you. Join us at the Book club this month, lets have conversation about books: Mainland Meeting Ticket Island Meeting Ticket Listen, Like &",arts
"The First Woman by Jennifer Makumbi follows the journey of Kirabo, a Ugandan girl from a rural village, as she searches for her identity to try and find a place in the world. We explore her experiences with family traditions, feminism (mwenkanonkano), relationships, and the changing social and cultural landscape of Uganda during the time of Idi Amin's presidency. The complexities of identity and womanhood are understood through Kirabo's journey, as well as the folklore and mythology told to her, leads her to have a better understanding of what it means to be a woman.",arts
"Africa’s booming fashion industry took centre stage at the 2026 Africa Magic Viewers’ Choice Awards, where bold African designs dominated online conversations and red-carpet highlights. Host Nkechi Ogbonna speaks with Ghanaian fashion icon Nana Akua Addo and Nigerian designer Mohammed Abbas about the rise of African luxury fashion, the stories behind their headline-making looks, and how African creativity is redefining global style.",arts
"Welcome to CultureMade: Heritage Enterprise in a World on the Move , an audio collaboration from the Smithsonian Folklife Festival, the American Anthropological Association and This Anthro Life Podcast In the US, fashion has been relegated to large impersonal retail spaces and increasingly online stores. Fashion in the US, as many know all too well, is transactional. The sense of community one has through clothing is often expressed through style though it is exceedingly rare for truly deep relationships to develop between the designer and the purchaser, even if an article of clothing is commissioned. But, community and fashion can be much more integrated. With this episode, we invite you into the conversations we had with participants in the Crafts of African Fashion program at the Smithsonian Folklife Festival in 2018. We speak with Soumana Saley a Nigerian leather worker and designer, Cynthia Sands and her mentee Tomara Watkins, also known as Tam, two fashion designers who work between the United States and the African continent, and the program’s curator Diana Baird N’Diaye. This episode was broken into three underlying themes of African fashion, and craft production focused on: the local marketplace, transnational and international fashion trends, and the relationships between consumers and producers within a community. The Crafts of African Fashion is an initiative promoting the continuity of heritage arts in Africa, exploring the vital role of cultural enterprises in sustaining communities and connecting generations on the continent and throughout the diaspora. The activities for this portion of the Festival took place in the Folklife Festival Marketplace. About our Speakers: Diana N’Diaye is a Cultural Specialist and Curator at the Smithsonian Center for Folklife and Cultural Heritage. She holds a PhD in anthropology and visual studies from The Union Institute. Soumana Saley is a leather craft artisan from the West African country of Niger. He currently lives in Millersburg, Pennsylvania running his own business. You can learn more about Soumana and see his products on his online store accessible at",arts
"In this episode of the Black Fashion History, Taniqua Martin sits down with Ken Kweku Nimo, an author and expert in African fashion and material culture. From Ghana to South Africa, Ken shares his inspiring journey, discussing how his experiences have shaped his unique perspective on African fashion history. Dive into the impact of colonization, the resurgence of indigenous practices, and the global potential of African fashion. Don't miss this enlightening conversation!",arts
"This week Idelle Taye, founder of Guzangs, considered to be the “Vogue of Africa” steps into the group chat. We discuss the state of fashion especially in Africa, her journey to founding Guzangs, some of her favorite African designers, and her thoughts on DEI. Make sure to follow",arts
"In this episode Teezee discusses ups and downs of artist management, sharing locations with your partner, running a business with family & more!",arts
"The fashion industry is being revolutionized by the New York Sustainability and Social Accountability Act. From halfway across the world, how will this Act impact African fashion? Join our community: bit.ly/africanfashioncommunity",arts
"This is Ashley Newby and you’re listening to The Black Studies podcast, a series of conversations examining the history of the field. Our conversations engage with a wide range of activists and scholars - senior figures in the field, late doctoral students, and everyone in between, culture workers, and political organizers - in order to explore the cultural and political meaning of Black Studies as an area of inquiry and its critical methods. Today's conversation is with W. Lawrence Hogue, Emeritus Professor of English at University of Houston. He received his PhD in Modern Thought and Literature from Stanford University, with an emphasis on 20th Century American literature, U S Minority literatures, and Critical Theory. He was one of the first critics to raise questions about literary production, representation, and canon formation in African American literature,opening up an entirely new area of intellectual inquiry. He is the author of Discourse and the Other: The Production of the Afro-American Text, which has been republished as an e-book (Duke 1986), Race, Modernity; Post-modernity: A Look at the History and the Literatures of People of Color Since the 1960s (SUNY 1996); The African American Male, Writing, and Difference: A Polycentric Approach to African American Literature, Criticism, and History (SUNY 2003); Postmodern American Literature and Its Other (Illinois 2009); Postmodernism, Traditional Cultural Forms, and African American Narratives (SUNY 2013); and A Theoretical Approach to Modern American History and Literature: An Issue of Reconfiguration and Re-representation (2020). He wrote the introduction to Clarence Major’s My Amputations (reissued 2008), and is researching and writing a literary biography of the novelist Charles Wright. He is the recipient of a Ford Foundation-National Research Council Fellowship, as well as several grants and fellowships at the University of Houston. He has book reviews, book chapters, and articles published in the major journals and critical anthologies in the academy. Active in American Literature, African American Literature, Minority Literatures, Postmodern Literature, and Critical Theory, he has lectured and presented papers at universities and conferences throughout the United States and Canada. His interest in postmodern fiction and diasporic African literatures has taken him to Brazil, Germany, Spain, France, and Argentina.",arts
"This is John Drabinski and you’re listening to The Black Studies podcast, a series of conversations examining the history of the field. Our conversations engage with a wide range of activists and scholars - senior figures in the field, graduate students, and everyone in between, culture workers, and political organizers - in order to explore the cultural and political meaning of Black Studies as an area of inquiry and its critical methods. Today’s conversation is with Laurian Bowles, who teaches in the Department of Anthropology at Davidson College. Along with a number of scholarly articles, she is the author of Headstrong: Women Porters, Blackness, and Modernity in Accra (2025), which follows women head porters in Ghana to examine how women navigate precarity with creativity and care, offering a fresh analytic on racial capitalism, sexual autonomy and urban futurity in Africa. In this conversation, we explore the impact of Black Studies on ethnographic practices, Black study in a digital age, and the critical tension between Black Studies practices and institutions of higher education.",arts
"This is John Drabinski and you’re listening to The Black Studies podcast, a series of conversations examining the history of the field. Our conversations engage with a wide range of activists and scholars - senior figures in the field, graduate students, and everyone in between, culture workers, and political organizers - in order to explore the cultural and political meaning of Black Studies as an area of inquiry and its critical methods. Today’s conversation is with Amanda Boston, who teaches in the Department of Africana Studies at University of Pittsburgh. Her research focuses on Black Studies approaches to urban studies, questions of neoliberalism and economics, and the impact of structural racism on housing in historically Black communities.She is completing her first book on gentrification’s racial operations and the making and unmaking of Black communities in her hometown of Brooklyn, New York, and she has published related works in peer-reviewed journals and edited volumes in sociology and urban history. In this conversation, we discuss multidisciplinary approaches to the study of Black urban life, the relationship between social scientific methodologies and the traditions of Black Studies, and the impact of Black Studies research on Black communities and struggles for racial justice.",arts
"Take a trip across the ocean with us this week as we learn about the traditions, practice, and role of storytelling in East Africa. Not only is this week’s class full of interesting ideas, learning, and people doing cool things, but there are also a couple of amazing stories from internationally celebrated storytellers Chunga Otiende (founder of Story Makers Society in Kenya) and Tololwa Mollel! If you are curious about the practice of storytelling, our guests this week have some great ideas of how to sharpen your telling practices to entertain and educate your audiences. As you will hear, storytelling plays a very important role in East Africa, and across Africa as a whole. Africa is a VERY large continent, and in case you need a geography refresher, here is a map to explore while listening to tonights class.",arts
"In this episode of the Change Africa Podcast, host Isaac Aboah sits down with Peace Hyde, award-winning creator, executive producer, and one of the leading voices in African media, for a powerful conversation on creative risk, storytelling, and the future of African cinema. Peace traces her inspiring journey from being a high school science teacher in the UK to launching Young, Famous & African, the first-ever African reality show on Netflix. Through this journey, she unpacks how storytelling has become her tool for reshaping the world’s view of Africa, championing authenticity, and building platforms that elevate African talent. The episode delves into the behind-the-scenes aspects of Africa’s creative economy, from the production challenges of large-scale shows to the lack of funding, infrastructure, and distribution that hinder African filmmakers. Peace also reflects the mindset required to navigate failure and fame, emphasizing purpose, faith, and resilience as essential ingredients for sustainable success. Whether you’re a young creative, a media founder, or a believer in Africa’s global potential, this episode offers invaluable insight into how to build something bigger than yourself and redefine the narrative of a continent.",arts
"Ron Mitchell, publisher of Bay State Banner, and Marita Rivero, former CEO of the Museum of African American History join for Press Play. Women in World Jazz is our guest for Live Music Friday, ahead of a their Belmont Public Library performance in July. Sue O'Connell discusses Trump's Qatari jet and the Europification of Boston/Cambridge over the World Cup. Julia Marcus of GBH Music joins to discuss her interview with Jon Batiste and his new album Black Mozart.",arts
"When was the last time you encountered a painting that really moved you? What feelings did the painting evoke? Did your initial impression of the painting remain or change the more you pondered it? I love hearing stories from fellow artists who have found themselves entranced by or enamored with the artwork of their peers. On this special episode, I had the opportunity to speak with a returning Savvy Painter guest, Dean Mitchell as well as Art Patron Kathy Flynn, and Gallery Director Nicole Wolff. Thinking back to my first conversation with Dean for this podcast, it’s quite appropriate that we discussed the transformative power of art. Dean’s painting and the subject of our conversation, “No Way Out” is a great example of that. Dean's painting was recently added to the permanent collection of the Columbus Museum of Fine Art. On this episode, you will hear Dean talk about what this painting means to him, and why he created it. Then you will hear from Kathy Flynn - Kathy's father was involved in the civil rights movement in the '60s, she fell in love with art when she traveled with her parents through Europe visiting museums. Kathy first saw ""No Way Out"" at the Cutter and Cutter Gallery in St. Augustine, Florida two years ago. She'll tell us why seeing this painting again after the murder of George Floyd moved her so much that she not only bought it but worked with Dean and our third guest, Nicole Wolff (director of Cutter & Cutter Fine Art ) to get it into the permanent collection of the Columbus Museum of Art. What inspired “No Way Out” Dean Mitchell sees his painting, “No Way Out” as an evolution of his own life, growing up as a Black kid in poverty in the American South. Looking at Dean's painting, it really draws you in and it feels like it almost wants to tell you something. Many people, Dean says, are often surprised when he tells them that the man in the painting is on the other side of the jail cell, he’s not inside where many people assume he is located. Dean says that he wanted to create this painting to challenge the perception of the Black male in American society. Too often, people bring their assumed narrative and transpose it onto our artwork - for good and for ill. By drawing people in with his minimalist style, Dean is welcoming discerning viewers to joining a necessary and relevant conversation about race. This needs to be in a museum Last year’s heartbreaking killing of George Floyd has spurred people with platforms like myself to find a way to shine a light on the stain and legacy of racism in our society. I don’t just want to have the conversation, I want to be part of the solution. In a similar way, my guests Nicole Wolff and Kathy Flynn felt the same way about Dean’s painting. They were so moved and inspired by the message that Dean is sharing and the conversation that his painting has sparked that they knew they needed to get as many people to encounter it as possible. After a lot of hard work, Kathy, Nicole, and Dean were able to get “No Way Out” into the permanent collection of the Columbus Museum of Art. Outline of This Episode [2:20] I welcome my guests, Kathy Flynn, Nicole Wolff, and Dean Mitchell. [5:00] What inspired Dean’s painting, “No Way Out” [8:30] Kathy talks about her experience seeing Dean’s painting for the first time. [14:30] Nicole talks about how Cutter & Cutter brought Dean into their gallery. [21:00] Kathy shares some of her background. [25:00] How has “No Way Out” impacted Kathy, Nicole, and Dean? [34:20] Dean explains how he feels about his artwork featured in a museum. [40:00] When did Dean paint, “No Way Out?” [42:20] What is the “Black box narrative?” [46:45] How do we broaden the narrative a",arts
"In this episode we interview the CEO of Crown Agents Bank, Albert Maasland, about the work they are doing supporting forex provision, liquidity and payments all over continent, including in smaller and more fragile states. Albert also talks us through the enormous opportunities in Africa. We discuss the significance of the bank's recent acquisition of the Fintech Segovia and the its win as best FX Provider for Emerging Market Currencies at the Global Finance Foreign Exchange Awards 2020. Group Publisher Omar Ben Yedder also provides us with his usual diary update. Further reading Crown Agents Bank Africa Investment Forum Forum Brazil Africa Art, Africa and Social Change DLA Piper Africa Week The 100 Most Influential Africans of 2018 Show credits",economy
"Gray takes us through the issues and trends in the global art market, and the kinds of predicaments and transactions she helps her diverse clients with. Gray also talks us through issues to be aware of in the art world, particularly due diligence around provenance, potential money laundering, and cultural sensitivities as well as how these have been affected by lockdown We discuss the recent surge of interest in African art and the drivers for the rise in artists, collectors and curators from the continent, and how this is disrupting and decentralising the cultural centre from Western Europe alongside the rise of interest in Asian art too. We also discuss the issue of restitution, and how collections in Europe have been returning cultural treasures - some of them priceless - to their countries of origin. Gray talks us through the recent Savoy/Sarr report commissioned by President Macron on acquisitions made in the French colonial era. Finally we look ahead to what's next for the global art market, and how issues such as non-fungible tokens and other digital assets could radically democratise and change the way we consume and view art/",economy
"In this special round-up episode, we speak to three prominent attendees of the 2022 African Development Bank Annual Meetings. The theme, Achieving Climate Resilience and a Just Energy Transition for Africa, features prominently, as our guests talk us through their hopes, fears and aspirations for development on the continent. Omar Ben Yedder, Group Publisher and Managing Director at IC Publications, kicks off with his take on the Annual Meetings. He relays the challenges of attracting more development finance to the continent amidst myriad economic and financial pressures, gives us his highlights from the African Banker Awards and reflects on the upbeat, defiant tone of this year's meetings [2:12-14:48). Solomon Quaynor, African Development Bank Vice President for Private Sector, Infrastructure and Industrialization, highlights Africa's huge infrastructure gap, laying out a strategic vision for a series of linked, transcontinental projects to help compress value chains and drive industrialisation. He also speaks about the so-called 'African risk premium', claiming that the maturation of the continent's financial architecture alongside the strong performance of existing investments may mean this premium is finally eroding [14:48-41:02]. Professor Kevin Urama, the Bank's Chief Economist, rounds out the episode with a wide-ranging overview of economic and environmental developments on the continent. He is frank about the existence of a 'triangle of disaster', but is positive that Africa's financial institutions and mechanisms, as well as its robust productive base, makes it more economically resilient than many suppose. He speaks passionately and urgently about the threat of climate change, and outlines a framework for the decoupling of economic progress from environmental degradation. He concludes with a challenge; for Africa to chart its own economic course [41:03-1:25:04].",economy
"Former president Nelson Mandela’s tireless efforts from 1994 boosted South Africa’s economy. Mandela and his ANC-led Government of National Unity inherited a bankrupt country following years of international sanctions against the previous apartheid government. During Mandela’s five-year term, the country’s Gross Domestic Product, measuring annual production, increased, on average, by almost three per cent. Moses Mlangeni and Angie Kapelianis compiled this special report on Mandela's contribution to Africa's largest economy.",economy
"African Economy - Government Opportunities, Foreign Investment & Citizens Economic Initiatives Instead of people working to create things, they wait for the government to feed them. But of course, the government can create opportunities, but our leaders are waiting for foreign aid and loans.",economy
"Africa’s economy is entering a decisive decade. With the world’s fastest-growing population, rapid urbanization, accelerating digital adoption, and vast untapped natural and human capital, the continent is increasingly central to global growth dynamics. Yet Africa remains underrepresented in international investment portfolios, often due to outdated perceptions and limited understanding of on-the-ground realities.This webinar explores whether investors can afford to overlook what may be one of the most significant investment opportunities of the next decade. We will examine key macroeconomic trends, sector-specific opportunities—from infrastructure and energy to technology and agribusiness—and the evolving role of local capital markets. The discussion will also address risks, structural challenges, and the importance of long-term, impact-oriented investment strategies.By combining data, case studies, and expert insights, the session aims to provide a nuanced, realistic view of Africa’s economic trajectory and help investors assess where value may emerge in the years ahead.",economy
"Elvis is Kenya's TitTok skill-preaching evangelist. With 365,000 (at the time of this podcast) followers and millions of views on his videos about skill based entrepreneurship, Elvis is the purest example of how to build the life you want of skills you learn on Youtube and online courses. He really is a master of taking opportunity and turning it into success. Here is how he did it..",economy
"Over $2B in venture capital went to Africa in 2020, but the opportunity for financing goes well beyond VC. We will look at venture debt and the role it can play in scaling startups in Africa with key panelists Camila Nestor - CEO at MCE Social Capital, Kwami Williams - CEO and Co founder at MoringaConnect, and Rob Eloff - Co founder of Lateral Capital. Untapped Global's goal is to connect international investors with high growth frontier markets. We host The Nest investment network and have weekly discussions each Thursday on investing and entrepreneurship in frontier markets on Clubhouse, and in-person in cities around the world. We also host The Nest, a monthly in person and on-line pitch platform highlighting the most promising startups from emerging markets. Visit our website to learn more about Untapped Global:",economy
"Konexa is a company delivering reliable, renewable, and high-quality power to customers in Nigeria, accelerating the energy transition, and addressing the challenges of energy access in Africa. Hear Pradeep’s story of navigating the unique hurdles of launching a start-up in Africa and transitioning from a corporate environment to building a company committed to transforming the energy landscape. This is about entrepreneurship and also a glimpse into the future of energy in Africa.",economy
"On this episode of After Hours, in partnership with Tanqueray Africa, Alice Kanjejo sits down with Florent Nduwayezu, a climate tech investor and venture capitalist who has backed over 10 startups across Africa, for a conversation that challenges everything you think you know about building and funding tech businesses on the continent.Having worked on the ground in rural solar energy across multiple African countries before moving into investing, his perspective isn't theoretical it's earned. And he uses it to dismantle one of the most dominant frameworks in African tech: impact investing. His argument is direct ,a commercially viable business is the most impactful thing a founder can build, and chasing grants and social metrics often delays the discipline needed to survive. If you're only getting meetings with impact funds, he says, that's a signal to go back to the drawing board.Drawing a striking parallel between Africa's untapped climate resources and Dubai's oil discovery four decades ago, Florent makes the case that this is the continent's defining economic moment ,one where natural energy abundance, a rising manufacturing age, and a generation of high-caliber founders are converging in a way the world hasn't seen before.The conversation gets practical fast. Florent breaks down why distribution will always beat product in African markets, why starting with one customer beats chasing an entire city, and what actually kills credibility in a pitch room. He's equally honest about what global investors consistently underestimate from infrastructure gaps and purchasing power stagnation to the hidden cost of building without deep local knowledge.To keep up with Florent Nduwayezu, Check out his linkedin:",economy
"Recorded live at Africa Tech Summit Nairobi, this episode features Stanley Mukasa, Associate Director of Entrepreneurship at Carnegie Mellon University Africa. CMU Africa is helping startups bridge the gap between innovative ideas and sustainable businesses through its incubation programmes, mentorship, funding and access to technical talent. In this conversation, Stanley shares how the university supports deep tech founders navigating long development cycles, limited access to capital and the challenge of turning research-driven innovation into market-ready products. The discussion also explores the importance of patient capital, building traction before fundraising, supporting underserved communities, and the emerging opportunities shaping Africa’s startup ecosystem - from fintech to clean energy. Hosted by Nixon Kanali, Founder & Tech Editor at TechTrends Media For more insights and upcoming events, visit africatechsummit.com.",economy
"We discuss why they are so many property listing websites in Africa. We reversed engineered how the biggest players in the space acquire renters and estate agents and how property listing sites think about retention and monetization. If you have ever wanted to start a marketplace or listing site, this is a must-listen.",economy
"When Mariam Braimah led product design at Netflix she struggled to find participants in Africa to test new products. So she started Kimoyo Insights, a research analytics platform that helps companies like Microsoft & Flutterwave gather feedback from African consumers. But Kimoyo doesn’t quite fit the venture mold. Can Mariam convince investors to make a bet on user research in the data desert of Africa? Today’s investors are Erica Wenger, Jillian Manus, Martin Tobias and Charles Hudson.",economy
"Is Africa’s investment model broken? On this thought-provoking episode of The Samuele Tini Show, we meet Nick Mwai, Founder and CEO of Pumapa Capital, who is challenging traditional investment models in Africa’s startup ecosystem. Nick shares his inspiring journey from corporate finance to pioneering a more inclusive and impactful approach to private equity. Key Points: Why billions earmarked for African startups rarely reach them, and how to fix it. How democratizing private equity can unlock growth for emerging African businesses. Practical advice for founders navigating Africa’s unique investment landscape. Real examples of how patient, purposeful capital creates true transformation and profitability. Nick reveals how a fresh approach to investment—driven by transparency, local knowledge, and long-term thinking—can genuinely empower entrepreneurs, transform communities, and reshape Africa’s future. Tune in to discover the untold story of investing in African startups.",economy
"In this episode of The TechTrends Podcast, we explore the ongoing funding crisis affecting African startups. With venture capital funding on the decline and major players like the Mastercard Foundation pulling back, what does this mean for the future of innovation on the continent? We explore the impact of reduced investments, compare funding figures from Q1 2024 to Q1 2025, and analyze the shutdown of 54 Collective—one of Africa’s promising startup studios. Is this just the beginning of a larger collapse in African startup ecosystems? Could other incubators and accelerators face similar challenges? Join us for an insightful discussion on what’s next for African startups, featuring expert insights and real-world implications for founders, investors, and the tech community. Twitter: ⁠⁠⁠⁠⁠⁠⁠⁠⁠⁠⁠⁠",economy
"Zimbabwe: Ecocash Launches Micro-Pension Fund for Zimbabwe's Informal Sector Workers Ethiopia: Ministry Unveils New Factory Prices for Cement Products Egypt, Qatar sign 3 MoUs in Doha to boost cooperation: Egyptian presidency Fuel prices hit record high as subsidy removed in Kenya A US$3.980 million (Sh479.2 million) fund will help 60 black-founded African firms so they may export their technologies outside their nations",economy
"We recorded this episode back in April 2021 and we discussed how we would think about growth for some of the early stage/series A VC-funded startups in Nigeria. We talked about Stears, EdenLife, Moove, Rise, and a lot of others. This episode is great in understanding how to think of user acquisition.",economy
"In this episode, your favorite hosts, Yemi and Nnamdi, were joined by the VP, Global Marketing for Chipper Cash, Hasan Luongo. Hasan talks about how he joined Chipper Cash, how Chipper has evolved over the years, how they were able to sign one of the biggest afrobeat artists as a partner and ambassador, including what the future looks like for Chipper Cash. To ensure you don’t miss any episode of our release and for additional information on the hosts, follow @teardownpodcast on Twitter. If you would like to get all the insider’s gist first, subscribe to our newsletter here: africanstartupteardownpod.substack.com Please leave a review, comment, share, and like whenever you listen. We want to hear from you and appreciate your feedback. Better ratings mean more people get to listen to the show, and it helps us grow. CREDITS: Oluwapelumi Kunuyi - Researcher SHOWNOTES 0.00 Introduction 0.34 How Hasan joined Chipper Cash 1.51 What is Chipper Cash 2.54 Chipper Cash and products rollout 4.45 Chipper Cash and competition 6.14 How Chipper Cash makes money 11.42 Chipper Cash and acquisition 16.34 Chipper Cash and brand attribution 17.55 Chipper Cash and retention 20.58 Chipper Cash’s products as it relates to business economics 22.47 How Chipper Cash decides to add more products 24.00 Back story to signing Burna boy 28.44 What the future is for Chipper Cash 30.51 Chipper Cash and its use cases 33.17 What it took for Chipper to become a unicorn 34.34 Chipper Cash payment network effects 35.40 How soon Chipper Cash can run on autopilot 38.21 Outro",economy
"The UK's Keir Starmer has resigned as Prime Minister and Labour leader after weeks of mounting pressure over political missteps, a slowing economy and falling support for the governing party. We examine what his departure could mean for UK-Africa relations and the estimated three million Africans living in Britain. And, nearly 118 million people worldwide are forcibly displaced, and refugees in parts of Africa spend an average of 16 years in exile. We explore what's behind these prolonged displacements and hear one former refugee's remarkable journey.",politics
"Cape Verde's national football team, Blue Sharks, stunned 2010 champions Spain at their first ever World Cup match. From the stadium in Atlanta, to the streets of the archipelago's capital Praia, we hear what the tournament and the result means for fans. And BBC Africa Eye hears from some of the last surviving soldiers of the Nigerian Civil War, who recall what they went through during the three-year conflict that left an estimated 500,000 to 3 million people dead.",politics
"As the 2026 FIFA World Cup continues across the United States, Canada and Mexico, we look at the rise of hate-watching across parts of the continent. The trend was especially visible when Mexico faced South Africa at the opening game last week. Some African fans, especially on social media, openly backed Mexico against Bafana Bafana citing the recent xenophobic attacks and anti-immigration sentiments in South Africa. We explain what hate-watching is and how off-pitch tensions shape fan loyalties. And a new study is aiming to provide medical insights into treating kidney disease in West Africa.",politics
"Amol Rajan speaks to Simukai Chigudu, associate professor of African Politics at Oxford University about the legacy of empire and how to reckon with the past. A member of the first generation born after the end of colonial rule in Zimbabwe, Simukai Chigudu came to the UK as a teenager and later became one of the founding members of a campaign to try to get the statue of imperialist Cecil Rhodes moved from Oriel College in Oxford. Now an associate professor of African politics at the University of Oxford, he has written a memoir called Chasing Freedom: Coming of Age at the End of Empire. He discusses the legacy of the Rhodes Must Fall campaign, why he thinks we should be decolonising the curriculum and whether countries like Britain should pay reparations for slavery. Thank you to the Radical with Amol Rajan team for its help in making this programme. The Interview brings you conversations with people shaping our world, from all over the world. The best interviews from the BBC, including episodes with Helen Thompson, professor of political economy at Cambridge University, and acclaimed author Sir Salman Rushdie. You can listen on the BBC World Service on Mondays, Wednesdays and Fridays at 0800 GMT. Or you can listen to The Interview as a podcast, out three times a week on BBC Sounds or wherever you get your podcasts.",politics
"Ovigwe in this episode speaks on the geopolitical trends in the Horn of Africa, China's bilateral actions on the continent, and the foreign policy challenges of the Nigerian government.",politics
"The Horn of Africa is experiencing a profound, and dangerous geopolitical restructuring. From the war in Sudan, to renewed tension between Ethiopia and Eritrea, to rising security challenges in South Sudan, and Somalia’s governance struggles alongside ripple effects from Somaliland’s bid for international recognition, the region’s internal instability and volatility is reshaping international alliances and fueling a fierce competition for influence by global actors – from the Gulf to the West – who are vying for power, maritime routes, and strategic dominance. Samira Gaid, founding director of Balqiis Insights, and Amb (ret). Donald Booth, former U.S. special envoy to Sudan and South Sudan, join Oge for a discussion that illuminates a few key dynamics shaping the geopolitics in the Horn of Africa. They unpack the different players in the arena, their motivations, and what these dynamics mean for the region, and the global community.",politics
"Security analyst Ovigwe Eguegu gives us an overview of African geopolitics in the New Cold War and helps us make sense of U.S., European, Russian, and Chinese influence on the continent. He also looks at the African Union (AU), its 2063 agenda, and how Covid-19 is impacting Africa today. Watch on BitChute / Brighteon / Rumble Geopolitics & Empire · Ovigwe Eguegu: African Geopolitics in the New Cold War #146 Transcript: [spoiler] Podcast: The Geopolitics & Empire Podcast is joined by Ovigwe Eguegu. He is an international security analyst based in Nigeria who specializes in security diplomacy, geopolitics, global system transformation, conflict, and peace. We’ll be looking at Africa and geopolitics in the context of the New Cold War, including the numerous actors who are continuing to vie for influence, and which are not limited to the United States, the EU, Russia, China, Turkey, and Middle Eastern states. We’ll also look at African debt relief and China decoupling. I would like to remind listeners to subscribe to all of our channels on social media, to share and like our material, and to leave us a podcast rating and review. Please do bookmark and subscribe to our new channels on BitChute and Brighteon on because as YouTube has officially become the new Mainstream Media, alternative viewpoints are summarily dismissed, deleted, and memory-holed as we’ve experienced. I would also urge listeners to subscribe to our free email list that includes our weekly interview and collection of news headlines, and you can leave us a donation via Bitcoin, PayPal, Patreon, and also now",politics
"Welcome back to the Think BIG for Africa Podcast. In today’s episode, my guest is Gakuna Njima Castro. Gakuna is a Security Risk, International Affairs & Political Intelligence Analyst, Deal Sourcing Consultant Our conversation covered; Intra-Africa Geopolitics, the conflict between Egypt and Ethiopia, and Sudan. We also touched on the potential security risk of private military groups to African nations. The new world order, and how Africa should make sure it doesn’t again end up on the dinner table. How African countries can win the fight against terrorism. And why Pan-Africanism doesn’t seem to move forward, and many other topics. Listen, share, and kindly subscribe to the Think BIG for Africa Podcast on your favorite podcast platform (Apple Podcast, Spotify, Google Podcast, Amazon Music, etc). Enjoy!",politics
"On this episode of FTS, cde. F from the Movement For African Emancipation (MAE) joins the host to analyze contemporary geopolitics in West Africa. From the developments in french speaking west Africa to the impact of insecurity on liberation struggles in the region, the discussion moves to topics not usually covered by Africans living in the region. This episode is intended as a resource of sorts for listeners who want a jump-off point to understand regional matters without being weighed down with literature, or having to sift through dodgy media coverage. You're welcome. Articles referenced in the episode",politics
"China is forgiving 23 interest-free loans for 17 African countries, after already cancelling $3.4 billion and restructuring $15 billion of debt from 2000-2019. This debunks the US government's propaganda myth of supposed Chinese ""debt-trap diplomacy."" VIDEO:",politics
"The debate surrounding the International Criminal Court in Africa has often been framed in purely legal and political terms: bias, sovereignty, and neocolonialism. A deeper interrogation traces the historical arc from Africa's early embrace of the Court as a tool against impunity to its current perception as an instrument of selective justice.",politics
"In this episode, Adesoji Iginla and Milton Allimadi discuss various pressing issues affecting Africa, including the recent peace negotiations between Rwanda and the Democratic Republic of the Congo (DRC), the role of African institutions in conflict resolution, and the implications of mineral resources in peacebuilding tactics. They also delve into the environmental crisis caused by Western waste in Africa, media control in Togo, and the media's role in shaping narratives around global conflicts. The conversation emphasises the need for proactive leadership and the importance of citizen journalism in the face of propaganda. Takeaways *Congo's political leadership is weak, leading to external manipulation. *Rwanda's aggression in the DRC is a significant concern. *Mineral resources are often leveraged in peace negotiations. *Sudan's gold smuggling finances ongoing conflicts. *Africa is being used as a dumping ground for Western waste. *Media control in Togo reflects broader issues of press freedom. *The New York Times has been criticised for its warmongering narratives. *Social media plays a crucial role in shaping public opinion. *Proactive leadership is essential for Africa's development. *Citizen journalism is vital in combating media propaganda.",politics
"Protect Your Retirement W/ A Gold IRA https://www.GeopoliticsGold.com Noble Gold is Who I Trust ^^^ Dive into the fiery world of geopolitics as we dissect Victoria Nuland's enigmatic trip to South Africa. Uncover the deep-seated anxieties and justified fears that arise from her actions. Could her visit be a menacing threat to South Africa's sovereignty? Is she secretly aiming to sabotage the BRICS' new currency? Brace yourself for a no-holds-barred exploration that leaves no stone unturned! ☎️ For Business inquiries, please go to ➡︎ show@geopoliticsinconflict.com About David: Dr. Oualaalou served a fifteen-year career in the United States Armed Forces in support of the US government’s security agencies in Washington DC and around the world. His primary roles include security policy, intelligence analysis, security operations advice including leadership and managerial operations. He advised high-profile U.S. military and civilian officials on security issues, economic trends, and foreign military threat information. He has written many articles and books including his latest, The Dynamics of Russia’s Geopolitics: Remaking the Global Order. About Elizabeth: Elizabeth graduated with a degree in Global Business. She visited corporations in China, India and South Korea among others. Elizabeth's is a successful entrepreneur and business consultant. Elizabeth has visited many countries on four continents including: Asia, North America, South America and Europe. She speaks different languages, her passion is exploring ancient cultures. ⏰ LIVE STREAM SCHEDULE: Tuesday and Thursday 12:00 AM CST /1PM ET/10AM PST/ 5PM GMT 🔵 Sign up for our Free WEEKLY newsletter, delivered to your inbox first thing Friday morning. ➜ ✳️",politics
"Gideon Joubert discusses the global situation, collapsing economy, and continued erosion of freedom. From a safety and security perspective, things have eroded extensively in South Africa. Corrupt politicians and mafias are exacerbating the situation. The ANC may not win re-election for the first time since 1994, which would be a wonderful thing. Police services are completely broken, South Africa is a state run by gangsters, both official and unofficial. The electricity crisis in South Africa has been a long time coming. The energy crisis is causing food price inflation. The country is on the verge of an infrastructure collapse. He also talks about being off grid, relocation, building community, and financial and physical security. Watch on BitChute / Brighteon / Rokfin / Rumble / YouTube Geopolitics & Empire · Gideon Joubert: South African Collapse, Why to be Optimistic, & Prepping #327 *Support Geopolitics & Empire! Become a Member",politics
"How do international geopolitics impact Africans at home and abroad? In this episode, Obehi Ewanfoh sits down with Amen Amouna, Congolese entrepreneur and founder of Getiback.com, to dive deep into the realities facing Congo, Rwanda, and the African diaspora. The episode also looked at the airline compensation rights and global power dynamics. Amen Amouna brings a unique perspective as a Congolese national based in the UK, blending his lived experience with practical business leadership. Discover how he’s helping Africans claim their rights and navigate complex international systems. Be part of the conversation!",politics
"The joint US-Israeli strike killing Iran's Supreme Leader Ayatollah Ali Khamenei has plunged the Middle East into unprecedented turmoil. As Iran launches retaliatory strikes and global powers react, Pan-African Frequency gathers insights from global experts on the economic fallout, and what this means for a world on the brink of conflict.",politics
"Embark on an insightful journey through the rich tapestry of Ethiopia's history and its intricate geopolitics. From the ancient kingdoms of Axum and Lalibela's rock-hewn churches to the modern complexities of the Horn of Africa, this overview will unravel the nation's enduring legacy and its role in shaping regional dynamics. Join us in exploring ""An Overview of Ethiopia's History and Geopolitics"" to gain a deeper understanding of this remarkable country's past, present, and influence on the broader geopolitical landscape.",politics
